<?xml version="1.0" encoding="utf-8" standalone="yes"?>
<rss version="2.0" xmlns:atom="http://www.w3.org/2005/Atom" xmlns:content="http://purl.org/rss/1.0/modules/content/">
  <channel>
    <title>Tags on Chanin Nantasenamat</title>
    <link>//chanin.tech/tags/</link>
    <description>Recent content in Tags on Chanin Nantasenamat</description>
    <image>
      <url>//chanin.tech/%3Clink%20or%20path%20of%20image%20for%20opengraph,%20twitter-cards%3E</url>
      <link>//chanin.tech/%3Clink%20or%20path%20of%20image%20for%20opengraph,%20twitter-cards%3E</link>
    </image>
    <generator>Hugo -- gohugo.io</generator>
    <language>en-us</language>
    <lastBuildDate>Tue, 15 Sep 2020 11:30:03 +0000</lastBuildDate><atom:link href="//chanin.tech/tags/index.xml" rel="self" type="application/rss+xml" />
    <item>
      <title>first</title>
      <link>//chanin.tech/tags/first/</link>
      <pubDate>Tue, 15 Sep 2020 11:30:03 +0000</pubDate>
      
      <guid>//chanin.tech/tags/first/</guid>
      <description></description>
    </item>
    
  </channel>
</rss>
