<?xml version="1.0" encoding="utf-8" standalone="yes"?>
<rss version="2.0" xmlns:atom="http://www.w3.org/2005/Atom" xmlns:content="http://purl.org/rss/1.0/modules/content/">
  <channel>
    <title>Blogs on Chanin Nantasenamat</title>
    <link>//chanin.tech/blogs/</link>
    <description>Recent content in Blogs on Chanin Nantasenamat</description>
    <image>
      <url>//chanin.tech/%3Clink%20or%20path%20of%20image%20for%20opengraph,%20twitter-cards%3E</url>
      <link>//chanin.tech/%3Clink%20or%20path%20of%20image%20for%20opengraph,%20twitter-cards%3E</link>
    </image>
    <generator>Hugo -- gohugo.io</generator>
    <language>en-us</language>
    <lastBuildDate>Fri, 08 Apr 2022 23:15:00 +0700</lastBuildDate><atom:link href="//chanin.tech/blogs/index.xml" rel="self" type="application/rss+xml" />
    <item>
      <title>How to master Streamlit for Data Science</title>
      <link>//chanin.tech/blogs/how-to-master-streamlit-for-data-science/</link>
      <pubDate>Fri, 08 Apr 2022 23:15:00 +0700</pubDate>
      
      <guid>//chanin.tech/blogs/how-to-master-streamlit-for-data-science/</guid>
      <description>Preview The essential Streamlit for all your data science needs To build a web app you’d typically use such Python web frameworks as Django and Flask. But the steep learning curve and the big time investment for implementing these apps present a major hurdle.
Streamlit makes the app creation process as simple as writing Python scripts!
In this article, you’ll learn how to master Streamlit when getting started with data science.</description>
    </item>
    
    <item>
      <title>What Is Bioinformatics</title>
      <link>//chanin.tech/blogs/what-is-bioinformatics/</link>
      <pubDate>Sun, 03 Apr 2022 23:15:00 +0700</pubDate>
      
      <guid>//chanin.tech/blogs/what-is-bioinformatics/</guid>
      <description>Introduction So you probably have heard of the term Bioinformatics before, but did not get the chance to learn more about what it is and what it can do.
In this article, I will be giving you a brief high-level overview of this exciting field of Bioinformatics. Thus, the article will be comprehensible to those coming from biology or computer backgrounds alike.
As a biologist, I have self-taught myself data science and coding (R and Python) after several years of persistence (initially quitting a couple of times the coding concept just kind of clicked at some point in time).</description>
    </item>
    
  </channel>
</rss>
